1,Freda
2,Codee
3,Taber
4,Teodoor
5,Carolee
6,Johnathon
7,Jud
8,Klara
9,Heindrick
10,Kameko
11,Gal
12,Theda
13,Janean
14,Euphemia
15,Thoma
16,Euell
17,Jake
18,Arron
19,Annemarie
20,Juan
21,Lita
22,Ivar
23,Bil
24,Laverne
25,Mirilla
26,Lawton
27,Ellette
28,Tallia
29,Cacilia
30,Brendon
31,Darlleen
32,Judas
33,Dannye
34,Elke
35,Chase
36,Upton
37,Denise
38,Denny
39,Phelia
40,Norton
41,Patty
42,Marie-ann
43,Elvira
44,Hamlin
45,Jenelle
46,Nikolaus
47,Kirk
48,Elden
49,Maye
50,Rana
51,Tobie
52,Fenelia
53,Teodor
54,Genevieve
55,Emmott
56,Nicola
57,Eadmund
58,Fred
59,Chico
60,Joela
61,Reggis
62,Langston
63,Glendon
64,Helena
65,Lynda
66,Arv
67,Boniface
68,Abraham
69,Boonie
70,Skipp
71,Violetta
72,Beatriz
73,Stacee
74,Trixi
75,Hope
76,Barnard
77,Felizio
78,Andria
79,Lorrie
80,Delmar
81,Renae
82,Ronica
83,Emilee
84,Wallas
85,Gage
86,Dewain
87,Robert
88,Igor
89,Kelli
90,Torre
91,Berthe
92,Nike
93,Josefa
94,Mathian
95,Erl
96,Sawyer
97,Babb
98,Gennifer
99,Marabel
100,Gregory
101,Verina
102,Kaiser
103,Hailee
104,Helene
105,Mitch
106,Darci
107,Cordell
108,Andrei
109,Maible
110,Molly
111,Fonsie
112,Udell
113,Cosimo
114,Darcy
115,Di
116,Inesita
117,Prince
118,Brier
119,Tori
120,Hamilton
121,Skyler
122,Rosy
123,Peyter
124,Caitrin
125,Yulma
126,Gweneth
127,Pattie
128,Sande
129,Ingar
130,Bernadette
131,Curcio
132,Keefer
133,Mateo
134,Nessa
135,Sheffield
136,Jannel
137,Gertie
138,Celeste
139,Clint
140,Benn
141,Leontyne
142,Raviv
143,Mignonne
144,Oralie
145,Daile
146,Zorah
147,Arda
148,Leigha
149,Terrance
150,Elmer
151,Mikaela
152,Elvin
153,Mercedes
154,Gennie
155,Caroline
156,Warren
157,Dex
158,Blondy
159,Ethelyn
160,Nikolaos
161,Eduard
162,Izabel
163,Dena
164,Sybyl
165,Moshe
166,Loretta
167,Currie
168,Brian
169,Zabrina
170,Isadora
171,Callie
172,Cecilius
173,Richie
174,Tiff
175,Zena
176,Neilla
177,Dorthy
178,Olin
179,Sapphira
180,Giraud
181,Cher
182,Sylvester
183,Lynnett
184,Karita
185,Ade
186,Melamie
187,Judon
188,Dusty
189,Lanie
190,Lorelle
191,Meryl
192,Harry
193,Hube
194,Anette
195,Alejoa
196,Smith
197,Ira
198,Sholom
199,Trista
200,Ginger
201,Lucretia
202,Laurianne
203,Cale
204,Adrianne
205,Kit
206,Shaughn
207,Fabio
208,Dorise
209,Quintus
210,Staci
211,Yorgo
212,Sherman
213,Allx
214,Lindsey
215,Mandy
216,Amberly
217,Aluino
218,Sindee
219,Paquito
220,Corrina
221,Iggie
222,Emmalyn
223,Brandi
224,Raffarty
225,Stafani
226,Mahmoud
227,Randell
228,Ruben
229,Alli
230,Ivory
231,Dynah
232,Allistir
233,Cyrille
234,Basilio
235,Darice
236,Estelle
237,Hal
238,Forrester
239,Charlotte
240,Aldus
241,Carol
242,Renaldo
243,Bartolomeo
244,Elwyn
245,Olimpia
246,Marcela
247,Yank
248,Rivy
249,Ciro
250,Giustino
251,Lotty
252,Maud
253,Rolf
254,Giuseppe
255,Benjy
256,Bradan
257,Kelsey
258,Federico
259,Bronny
260,Starr
261,Jay
262,Berte
263,Reinald
264,Dulcinea
265,Linzy
266,Ritchie
267,Justin
268,Vivia
269,Nevsa
270,Horten
271,Blythe
272,Ardene
273,Mirella
274,Evin
275,Kordula
276,Bat
277,Inga
278,Adey
279,Meredithe
280,Claudian
281,Glennie
282,Stefa
283,Normie
284,Wells
285,Andonis
286,Sibby
287,Arturo
288,Torrance
289,Tanhya
290,Arney
291,Ryann
292,Miranda
293,Derry
294,Sophia
295,Raimund
296,Dorine
297,Daniele
298,Hyacinth
299,Dacie
300,Saidee
301,Jessa
302,Elisabeth
303,Vanna
304,Ana
305,Asa
306,Maximilian
307,Flem
308,Aile
309,Garald
310,Fee
311,Lisetta
312,Pepita
313,Dare
314,Ali
315,Liuka
316,Mart
317,Warden
318,Eduardo
319,Tanny
320,Pia
321,Stefania
322,Steward
323,Cecily
324,Ram
325,Karl
326,Gracia
327,Julianne
328,Raimondo
329,Sollie
330,Jefferey
331,Clarinda
332,Henrik
333,Pierson
334,Port
335,Raynor
336,Loralie
337,Duff
338,Guinna
339,Janeczka
340,Dom
341,Constantina
342,Briana
343,Humphrey
344,Sam
345,Korey
346,Cory
347,Salomo
348,Rodrique
349,Rodi
350,Barron
351,Annamaria
352,Chadwick
353,Riobard
354,Lucy
355,Rozalin
356,Ami
357,Sean
358,Juliet
359,Elfie
360,Felix
361,Jerrome
362,Harlan
363,Trudy
364,Cchaddie
365,Vittoria
366,Jyoti
367,Vinny
368,Flori
369,Rosemonde
370,Kalie
371,Harmonia
372,Shoshanna
373,Latisha
374,Tedi
375,Kippy
376,Humfrey
377,Russell
378,Ruby
379,Hanna
380,Traver
381,Hettie
382,Christoforo
383,Shanta
384,Vernor
385,Tawsha
386,Emanuele
387,Perle
388,Karoly
389,Kassie
390,Hillie
391,Mary
392,Alix
393,Berne
394,Tasia
395,Alexina
396,Alf
397,Elka
398,Jeanna
399,Clemens
400,Durand
401,Win
402,Ilene
403,Rhys
404,Zebedee
405,Devlen
406,Dori
407,Babara
408,Tuckie
409,Riannon
410,Elbert
411,Cathe
412,Dianemarie
413,Ax
414,Dorice
415,Mel
416,Colan
417,Cordi
418,Auroora
419,Row
420,Kahaleel
421,Lishe
422,Ber
423,Chic
424,Dorie
425,Claudius
426,Emili
427,Rhianon
428,Dona
429,Johanna
430,Darin
431,Bud
432,Cornie
433,Patton
434,Joseph
435,Kennett
436,Aloysia
437,Francisco
438,Sophronia
439,Hollyanne
440,Tyrus
441,Nigel
442,Caddric
443,Hugh
444,Agustin
445,Michail
446,Corny
447,Courtnay
448,Felike
449,Darcee
450,Marilyn
451,Andreana
452,Edith
453,Rhea
454,Savina
455,Gorden
456,Helli
457,Marc
458,Cirilo
459,Connor
460,Kristos
461,Gery
462,Alaric
463,Serene
464,Lurlene
465,Kizzie
466,Hughie
467,Alyosha
468,Glad
469,Maurice
470,Cosmo
471,Erroll
472,Kaila
473,Pattin
474,Marys
475,Rhiamon
476,Claire
477,Tricia
478,Brit
479,Dasie
480,Virge
481,Pepillo
482,Bobby
483,Parnell
484,Katharina
485,Clementina
486,Porter
487,Byrle
488,Hayden
489,Wash
490,Gerianna
491,Lucila
492,Sasha
493,Terrijo
494,Jodie
495,Elle
496,Rora
497,Ricoriki
498,Britt
499,Brandtr
500,Austen
501,Guendolen
502,Adams
503,Marlon
504,Joscelin
505,De
506,Randolph
507,Thurston
508,Griffie
509,Phyllida
510,Rayna
511,Dixie
512,Tye
513,Collin
514,Merlina
515,Ivette
516,Teddie
517,Temple
518,Isaac
519,Rutger
520,Bethina
521,Tymon
522,Silvester
523,Lew
524,Hillary
525,Jerome
526,Ileana
527,Lou
528,Birgitta
529,Esme
530,Felice
531,Jamey
532,Leonerd
533,Martguerita
534,Osmund
535,Emmery
536,Arch
537,Gerick
538,Shel
539,Carlota
540,Tades
541,Sybille
542,Lorianna
543,Umeko
544,Bethena
545,Dane
546,Duffie
547,Dilly
548,Towny
549,Ralf
550,Carlos
551,Ulrica
552,Van
553,Ariel
554,Art
555,Aluin
556,Lance
557,Caria
558,Georgiana
559,Sabine
560,Sheryl
561,Florence
562,Hendrik
563,Tynan
564,Tann
565,Zerk
566,Stanly
567,Kelsy
568,Joellyn
569,Hubert
570,Krysta
571,Burt
572,Carley
573,Marielle
574,Annamarie
575,Inglebert
576,Aime
577,Gonzales
578,Freeland
579,Rebecka
580,Wainwright
581,Lian
582,Ebba
583,Erastus
584,Ringo
585,Domini
586,Hermann
587,Moira
588,Olav
589,Paxon
590,Stanislaus
591,Ronny
592,Nathanael
593,Lucius
594,Nichol
595,Rutter
596,Roxanne
597,Stephenie
598,Loreen
599,Iorgo
600,Jeanelle
601,Amos
602,Bearnard
603,Spencer
604,Onfre
605,Darill
606,Hillery
607,Gena
608,Berky
609,Sosanna
610,Aaron
611,Jerald
612,Zorine
613,Tucker
614,Roberto
615,Vernon
616,Bambi
617,Shandeigh
618,Viviene
619,Rabbi
620,Sherye
621,Olivette
622,Elna
623,Cletis
624,Yuri
625,Brandy
626,Xena
627,Jacquelin
628,Ellswerth
629,Rita
630,Ephrem
631,Cecilla
632,Selig
633,Thomasine
634,Vivianne
635,Robinetta
636,Walt
637,Nathanial
638,Legra
639,Avery
640,Phebe
641,Ferd
642,Etty
643,Abelard
644,Hildegarde
645,Denver
646,Cathryn
647,Waverly
648,Darby
649,Christen
650,Jedediah
651,Sinclair
652,Vinnie
653,Chelsie
654,Roxane
655,Tyrone
656,Phaidra
657,Beale
658,Donella
659,Koren
660,Sylvia
661,Sampson
662,Codie
663,Rafaela
664,Raeann
665,Astra
666,Jarvis
667,Cherry
668,Matthias
669,Rochette
670,Theresa
671,Jessy
672,Cherie
673,Syd
674,Rube
675,Baillie
676,Clement
677,Griffy
678,Solly
679,Jens
680,Aurilia
681,Hedda
682,Tommie
683,Bax
684,Marla
685,Millisent
686,Burch
687,Arel
688,Alick
689,Trudie
690,Lilith
691,Herbert
692,Dorothea
693,Elissa
694,Elva
695,Mureil
696,Lauritz
697,Hill
698,Dugald
699,Daryn
700,Dolly
701,Brianna
702,Shawn
703,Major
704,Annabelle
705,Valentia
706,Madelon
707,Steffi
708,Meagan
709,Tudor
710,Ferne
711,Trudey
712,Shayne
713,Elga
714,Gun
715,Fifi
716,Dimitri
717,Dukie
718,Douglass
719,Esma
720,Lemmie
721,Antoni
722,Bert
723,Cristin
724,Mitzi
725,Alta
726,Godart
727,Cart
728,Erhart
729,Papageno
730,Harvey
731,Christal
732,Brendan
733,Tomasina
734,Chrysa
735,Nichole
736,Saunderson
737,Rooney
738,Emera
739,Angelique
740,Somerset
741,Augy
742,Barry
743,Aidan
744,Finlay
745,Wilma
746,Carney
747,Fabiano
748,Iosep
749,Amaleta
750,Everett
751,Kinna
752,Tiebout
753,Joeann
754,Merrili
755,Daria
756,Derrek
757,Gretal
758,Dniren
759,Alisander
760,Joleen
761,Guthry
762,Deonne
763,Danella
764,Josefina
765,Katerina
766,Oswald
767,Jilleen
768,Elias
769,Pippo
770,Agatha
771,Bethanne
772,Andy
773,Ced
774,Jemima
775,Lydia
776,Charmian
777,Perice
778,Sid
779,Ansell
780,Christan
781,Ric
782,Alfreda
783,Waylen
784,Portia
785,Buddie
786,Reena
787,Adan
788,Alika
789,Shannan
790,Erinn
791,Catlee
792,Brita
793,Nathanil
794,Elmo
795,Marven
796,Frederica
797,Joey
798,Winston
799,Theodore
800,Viki
801,Loraine
802,Ameline
803,Jeramey
804,Boothe
805,Gina
806,Arie
807,Marita
808,Ravi
809,Kipper
810,Pasquale
811,Biddy
812,Maurise
813,Dill
814,Cecilio
815,Mead
816,Nannette
817,Phineas
818,Malchy
819,Rustie
820,Cyrill
821,Marlo
822,Sadye
823,Rowen
824,Ashlan
825,Loren
826,Stafford
827,Luisa
828,Carmelita
829,Aline
830,Deina
831,Edeline
832,Seline
833,Rosabel
834,Karlyn
835,Lynnet
836,Kristi
837,Devinne
838,Ashely
839,Marthe
840,Shayna
841,Sissie
842,Christopher
843,Dara
844,My
845,Selma
846,Loralee
847,Hermy
848,Zita
849,Nikki
850,Blanche
851,Atalanta
852,Katleen
853,Flora
854,Jess
855,Tiebold
856,Brandon
857,Gert
858,Carmine
859,Howie
860,Gerrilee
861,Sloan
862,Putnem
863,Karleen
864,Godfry
865,Glen
866,Lothaire
867,Vina
868,Marley
869,Doyle
870,Happy
871,Rhonda
872,Conni
873,Fremont
874,Morie
875,Adrienne
876,Robinet
877,Gaby
878,Dante
879,Ad
880,Bryant
881,Glyn
882,Bailie
883,Edyth
884,Nelie
885,Francisca
886,Klaus
887,Lorne
888,Mechelle
889,Elysha
890,Valerye
891,Piper
892,Dionysus
893,Paulina
894,Essa
895,Sandye
896,Sylas
897,Timothea
898,Jakie
899,Ester
900,Zorana
901,Nyssa
902,Timmie
903,Analise
904,Jamesy
905,Franzen
906,Ezri
907,Laurette
908,Thatcher
909,Avram
910,Xavier
911,Devora
912,Violette
913,Gary
914,Anders
915,Elly
916,Noah
917,Audrey
918,Del
919,Nancey
920,Morey
921,Neal
922,Gene
923,Thedric
924,Lura
925,Dari
926,Sibelle
927,Mallory
928,Ange
929,Ulrikaumeko
930,Julietta
931,Lanita
932,Mareah
933,Leelah
934,Candace
935,Krishnah
